authors,titles,publications,years,sources,citedNumber;
"W Zhao, LE Mosert, PM McHiar,[PDF][PDF] Design and implementation of a consistent time service for fault-tolerant distributed systems,Smith�,,"" …�Journal of Computer Systems�…, 2004 "",NaN";
R Garg, P Kumar�,[PDF][PDF] A review of checkpointing fault tolerance techniques in distributed mobile systems, International Journal on Computer Science and�…, 2010 , Citeseer,4;
R Singh, M Dave�,Using host criticalities for fault tolerance in mobile agent systems, …�Conference on Parallel, Distributed and�…, ieeexplore.ieee.org,NaN;
AA Bertossi, LV Mancini�,Scheduling algorithms for fault-tolerance in hard-real-time systems, Responsive Computing, 1994 , Springer,5;
B Ao, Y Wang, L Yu, RR Brooks…�,On precision bound of distributed fault-tolerant sensor fusion algorithms, ACM Computing Surveys�…, 2016 , dl.acm.org,11;
MK Aguilera, A Merchant, M Shah, A Veitch…�,Sinfonia: a new paradigm for building scalable distributed systems, …�Operating Systems�…, 2007 , dl.acm.org,70;
AM Tyrrell ,The design of fault tolerant software for loosely coupled distributed systems, 1987 ,, ethos.bl.uk,NaN;
K Schossmaier, B Weiss�,An algorithm for fault-tolerant clock state & rate synchronization, …�on Reliable Distributed Systems, 1999 , ieeexplore.ieee.org,44;
CL Chen, GM Chiu�,A fault-tolerant routing scheme for meshes with nonconvex faults, …�on Parallel and Distributed Systems, 2001 , ieeexplore.ieee.org,NaN;
JR Mitchell ,[BOOK][B] Algorithms for building fault-tolerant distributed systems, 1997 ,, search.proquest.com,378;
H Youness, A Omar, M Moness�,An Optimized Weighted Average Makespan in Fault-Tolerant Heterogeneous MPSoCs, …�and Distributed Systems, 2021 , ieeexplore.ieee.org,4;
C Wu, GG Belford�,The triangular lattice protocol: a highly fault tolerant and highly efficient protocol for replicated data, …�11th Symposium on Reliable Distributed Systems, 1992 , computer.org,44;
SB Akers, B Krishnamurthy�,On group graphs and their fault tolerance, IEEE Transactions on Computers, 1987 , computer.org,112;
B Overeinder, F Brazier, O Marin�,Fault tolerance in scalable agent support systems: Integrating darx in the agentscape framework, CCGrid 2003. 3rd IEEE/ACM�…, 2003 , ieeexplore.ieee.org,NaN;
J Xu, B Randell…�,Toward an object-oriented approach to software fault tolerance, …�Distributed Systems, 1996 , ieeexplore.ieee.org,21;
CS Raghavendra, VKP Kumar…�,Reliability analysis in distributed systems, IEEE transactions on�…, 1988 , ieeexplore.ieee.org,53;
B Javadi, D Kondo, A Iosup, D Epema�,The Failure Trace Archive: Enabling the comparison of failure measurements and models of distributed systems, Journal of Parallel and Distributed�…, 2013 , Elsevier,90;
D Xiang, Y Zhang, S Shan, Y Xu�,A fault-tolerant routing algorithm design for on-chip optical networks, …�Reliable Distributed Systems, 2013 , ieeexplore.ieee.org,NaN;
K Klonowska, H Lennerstad, L Lundberg, C Svahnberg�,Optimal recovery schemes in fault tolerant distributed computing, Acta Informatica, 2005 , Springer,97;
J Arlat, A Costes, Y Crouzet, JC Laprie…�,Fault injection and dependability evaluation of fault-tolerant systems, IEEE Transactions on�…, 1993 , ieeexplore.ieee.org,NaN;
R Smeikal, KM Goeschka�,Fault-tolerance in a distributed management system: a case study, 25th International Conference on�…, 2003 , ieeexplore.ieee.org,17;
DP Siewiorek�,Architecture of fault-tolerant computers: An historical perspective, Proceedings of the IEEE, 1991 , ieeexplore.ieee.org,91;
AF Dıaz, CB Earle, LA Fredlund�,[PDF][PDF] Adding distribution and fault tolerance to jason, …�the 2nd edition on Programming systems�…, 2012 , Citeseer,NaN;
K Ikeda, S Shin, T Kitamori�,Fault tolerance of decentralized adaptive control, …�on Autonomous Decentralized Systems, 1993 , computer.org,5;
P Alho, J Mattila�,Service-oriented approach to fault tolerance in CPSs, Journal of Systems and Software, 2015 , Elsevier,15;
P Bokor, J Kinder, M Serafini…�,Efficient model checking of fault-tolerant distributed protocols, …�Systems & Networks (DSN�…, 2011 , ieeexplore.ieee.org,28;
R Virding, C Wikstr�m, M Williams ,[BOOK][B] Concurrent programming in ERLANG, 1996 ,, dl.acm.org,NaN;
Y Zhang, Z Zheng, MR Lyu�,BFTCloud: A byzantine fault tolerance framework for voluntary-resource cloud computing, 2011 IEEE 4th International�…, 2011 , ieeexplore.ieee.org,35;
"G Jacques,A network-level distributed fault injector for experimental validation of dependable distributed systems,Silva, RJ Drebes…�,"" 30th Annual�…, 2006 "",1435";
M Khalili, X Zhang, MM Polycarpou, T Parisini, Y Cao�,Distributed adaptive fault-tolerant control of uncertain multi-agent systems, Automatica, 2018 , Elsevier,NaN;
ZW Ras�,Fault-recovery and intelligent distributed system, Proceedings of the Twentieth International Symposium�…, 1990 , computer.org,5;
S Li, H Li, X Liang, J Chen, E Giem, K Ouyang…�,Ft-isort: Efficient fault tolerance for introsort, Proceedings of the�…, 2019 , dl.acm.org,NaN;
"A Xu, B Liskov�,""[PDF][PDF] A design for a fault-tolerant, distributed implementation of Linda."", FTCS, 1989 , ai.mit.edu,9";
A Avizienis, JPJ Kelly�,Fault tolerance by design diversity: Concepts and experiments, Computer, 1984 , computer.org,NaN;
T Seki, Y Okataku, S Tamura�,A Fault-Tolerant Architecture for the Intellectual Distributed Processing System, Dependable Computing for Critical�…, 1992 , Springer,114;
D Liang, CL Fang, SM Yuan, C Chen, GE Jan�,A fault–tolerant object service on CORBA, Journal of Systems and�…, 1999 , Elsevier,582;
GE Fagg, T Angskun, G Bosilca…�,Scalable fault tolerant MPI: extending the recovery algorithm, …�Parallel Virtual Machine�…, 2005 , Springer,6;
DW Bradley, AM Tyrrell�,Immunotronics: Hardware fault tolerance inspired by the immune system, International Conference on Evolvable Systems, 2000 , Springer,NaN;
IP Egwutuoha, D Levy, B Selic, S Chen�,[HTML][HTML] A survey of fault tolerance mechanisms and checkpoint/restart implementations for high performance computing systems, The Journal of Supercomputing, 2013 , Springer,45;
A Wright�,Contemporary approaches to fault tolerance, Communications of the ACM, 2009 , dl.acm.org,NaN;
S Arevalo, A Alvarez�,[PDF][PDF] Fault tolerant distributed Ada, ACM SIGAda Ada Letters, 1989 , dl.acm.org,NaN;
Y Gong, AS Fukunaga�,Fault tolerance in distributed genetic algorithms with tree topologies, 2009 IEEE Congress on Evolutionary�…, 2009 , ieeexplore.ieee.org,3;
"JG Slember, P Narasimhan�,""Using program analysis to identify and compensate for nondeterminism in fault-tolerant, replicated systems"", …�on Reliable Distributed Systems�…, 2004 , ieeexplore.ieee.org,5";
S Gupta, J Hellings, M Sadoghi�,Fault-tolerant distributed transactions on blockchain, Synthesis Lectures on Data�…, 2021 , morganclaypool.com,NaN;
S Hwang, C Kesselman�,A flexible framework for fault tolerance in the grid, Journal of Grid Computing, 2003 , Springer,11;
"JC Laprie�,[PDF][PDF] Dependable computing and fault-tolerance, Digest of Papers FTCS,,""15, 1985 "",24";
S Chetan, A Ranganathan…�,Towards fault tolerance pervasive computing, IEEE Technology and�…, 2005 , ieeexplore.ieee.org,NaN;
G Huczynski�,[PDF][PDF] Forced migration in a mobile object system: Reducing fault tolerance costs and improving reliability in distributed systems, Proceedings of the Software Engineering and Mobility�…, 2001 , Citeseer,187;
"LE Moser, PM Melliar,Asynchronous fault-tolerant total ordering algorithms,Smith, V Agrawala�,"" SIAM Journal on Computing, 1993 "",NaN";
XY Li, W Lin, X Liu, CK Lin, KJ Pai…�,Completely independent spanning trees on BCCC data center networks with an application to fault-tolerant routing, …�Distributed Systems, 2021 , ieeexplore.ieee.org,1079;
Z Gao, C Cecati, SX Ding�,A survey of fault diagnosis and fault-tolerant techniques—Part I: Fault diagnosis with model-based and signal-based approaches, IEEE transactions on industrial�…, 2015 , ieeexplore.ieee.org,NaN;
F Distante, V Piuri�,Hill-climbing heuristics for optimal hardware dimensioning and software allocation in fault-tolerant distributed systems, IEEE transactions on reliability, 1989 , ieeexplore.ieee.org,2174;
S Duan, K Levitt, H Meling, S Peisert…�,ByzID: Byzantine fault tolerance from intrusion detection, …�Distributed Systems, 2014 , ieeexplore.ieee.org,NaN;
P Thamidurai, YK Park…�,On reliability modelling of fault-tolerant distributed systems, …�Conference on Distributed�…, 1989 , ieeexplore.ieee.org,20;
E Seligman, A Beguelin ,High-level fault tolerance in distributed programs, 1994 ,, apps.dtic.mil,NaN;
D Porto, J Leit�o, C Li, A Clement, A Kate…�,Visigoth fault tolerance, …�on Computer Systems, 2015 , dl.acm.org,17;
E Nett, R Schumann�,Integrating fault-tolerant and real-time requirements of distributed systems, …�Trends of Distributed Computing Systems, 1990 , ieeexplore.ieee.org,8;
AN Bessani, EP Alchieri, M Correia…�,DepSpace: a Byzantine fault-tolerant coordination service, …�on Computer Systems�…, 2008 , dl.acm.org,NaN;
M Rostanski, K Grochla…�,Evaluation of highly available and fault-tolerant middleware clustered architectures using RabbitMQ, …�and information systems, 2014 , ieeexplore.ieee.org,41;
MO Killijian, JC Fabre�,Implementing a reflective fault-tolerant CORBA system, …�on Reliable Distributed Systems SRDS�…, 2000 , ieeexplore.ieee.org,NaN;
L Ren, PAS Ward�,Distributed consensus and fault tolerance mechanisms, Essentials of Blockchain Technology, 2019 , taylorfrancis.com,4;
Y Huang, C Kintala�,[PDF][PDF] Software implemented fault tolerance: Technologies and experience, FTCS, 1993 , researchgate.net,NaN;
L Qilin, C Yu, Z Mingtian, W Yue�,The research and implementation of a corba-based architecture for adaptive fault tolerance in distributed systems, …�International Conference on�…, 2002 , ieeexplore.ieee.org,266;
H Ferdinando ,Fault-tolerance in real time distributed system using the CT Library, 2004 ,, essay.utwente.nl,3;
SK Shrivastava, DL McCue�,Structuring fault-tolerant object systems for modularity in a distributed environment, …�Parallel and Distributed Systems, 1994 , ieeexplore.ieee.org,NaN;
C Bonivento, M Capiluppi, L Marconi, A Paoli�,An integrated design approach to multilevel fault tolerant control of distributed systems, IFAC Proceedings Volumes, 2005 , Elsevier,8;
MA Hiltunen, RD Schlichting�,A model for adaptive fault-tolerant systems, European Dependable Computing�…, 1994 , Springer,NaN;
J Balasubramanian, A Gokhale, DC Schmidt…�,Towards middleware for fault-tolerance in distributed real-time and embedded systems, …�on Distributed�…, 2008 , Springer,42;
E Missimer, R West, Y Li�,[PDF][PDF] Distributed real-time fault tolerance on a virtualized multi-core system, OSPERT 2014, 2014 , picture.iczhiku.com,NaN;
M Viering, R Hu, P Eugster, L Ziarek�,A multiparty session typing discipline for fault-tolerant event-driven distributed programming, Proceedings of the ACM on�…, 2021 , dl.acm.org,9;
SD Stoller, FBS Stoller, D Scott, FB Schneider ,Automated analysis of fault-tolerance in distributed systems, 2000 ,, ecommons.cornell.edu,NaN;
YI Chang, M Singhal, MT Liu�,A fault tolerant algorithm for distributed mutual exclusion, …�on Reliable Distributed Systems, 1990 , ieeexplore.ieee.org,4;
"J Rufino, P Verissimo, G Arroz…�,Fault-tolerant broadcasts in CAN, …�on Fault,,""Tolerant�…, 1998 "",84";
M Treaster�,A survey of fault-tolerance and fault-recovery techniques in parallel systems, arXiv preprint cs/0501002, 2005 , arxiv.org,NaN;
M Ahamad, P Dasgupta, RJ LeBlanc�,Fault-tolerant atomic computations in an object-based distributed system, Distributed Computing, 1990 , Springer,197;
A Tarafdar ,[BOOK][B] Software fault tolerance in distributed systems using controlled re-execution, 2000 ,, search.proquest.com,NaN;
C Dwork, D Peleg, N Pippenger, E Upfal�,[PDF][PDF] Fault tolerance in networks of bounded degree, Proceedings of the eighteenth�…, 1986 , dl.acm.org,137;
"S Maiyya, V Zakhary, D Agrawal…�,""[PDF][PDF] Database and distributed computing fundamentals for scalable, fault-tolerant, and consistent maintenance of blockchains"", Proceedings of the VLDB�…, 2018 , par.nsf.gov,37";
D Marculescu, NH Zamora…�,Fault-tolerant techniques for ambient intelligent distributed systems, …�on Computer Aided�…, 2003 , ieeexplore.ieee.org,NaN;
N Wattanapongsakorn, S Levitan�,Reliability optimization models for fault-tolerant distributed systems, Annual Reliability and�…, 2001 , ieeexplore.ieee.org,7;
Q Zheng, KG Shin�,Fault-tolerant real-time communication in distributed computing systems, …�on Parallel and Distributed Systems, 1998 , ieeexplore.ieee.org,37;
B Wirz, E Nett�,A generic log-service supporting fast recovery in distributed fault-tolerant systems, …�Advances in Parallel and Distributed Systems, 1993 , ieeexplore.ieee.org,NaN;
DB Johnson, W Zwaenepoel�,[PDF][PDF] Recovery in distributed systems using asynchronous message logging and checkpointing, …�Symposium on Principles of distributed�…, 1988 , dl.acm.org,12;
L Rodrigues, H Miranda, R Almeida, J Martins…�,The GlobData fault-tolerant replicated distributed object database, Eurasian Conference on�…, 2002 , Springer,NaN;
DN Jayasimha�,Fault tolerance in a multisensor environment, …�Symposium on Reliable Distributed Systems, 1994 , ieeexplore.ieee.org,546;
LC Llewellyn, KM Hopkinson…�,Distributed fault-tolerant quality of wireless networks, IEEE Transactions on�…, 2010 , ieeexplore.ieee.org,NaN;
KP Birman, TA Joseph, T Raeuchle…�,Implementing fault-tolerant distributed objects, IEEE Transactions on�…, 1985 , ieeexplore.ieee.org,48;
"PM Melliar,[PDF][PDF] Broadcast protocols for distributed systems,Smith, LE Moser,"" …�Parallel & Distributed Systems, 1990 "",NaN";
TK Srikanth, S Toueg�,Simulating authenticated broadcasts to derive simple fault-tolerant algorithms, Distributed Computing, 1987 , Springer,42;
S Liu, N Gupta, NH Vaidya�,Approximate byzantine fault-tolerance in distributed optimization, …�Symposium on Principles of Distributed�…, 2021 , dl.acm.org,43;
B Finkbeiner, L Tentrup�,Detecting unrealizability of distributed fault-tolerant systems, arXiv preprint arXiv:1505.06862, 2015 , arxiv.org,NaN;
A Boteanu, C Dobre, F Pop…�,Simulator for fault tolerance in large scale distributed systems, Proceedings of the 2010�…, 2010 , ieeexplore.ieee.org,18;
R Mehrotra, A Dubey, S Abdelwahed, KW Rowland�,[PDF][PDF] Rfdmon: A real-time and fault-tolerant distributed system monitoring approach, ISIS, 2011 , researchgate.net,NaN;
A Schiper�,Failure detection vs group membership in fault-tolerant distributed systems: Hidden trade-offs, Joint International Workshop von Process Algebra and�…, 2002 , Springer,8;
JC Campelo, F Rodrıguez, A Rubio, R Ors…�,Distributed industrial control systems: a fault-tolerant architecture, Microprocessors and�…, 1999 , Elsevier,NaN;
P Katsaros, L Angelis, C Lazos�,Performance and effectiveness trade‐off for checkpointing in fault‐tolerant distributed systems, …�and Computation: Practice�…, 2007 , Wiley Online Library,14;
O Das ,[PDF][PDF] Performance and dependability analysis of fault-tolerant layered distributed systems, 1998 ,, collectionscanada.gc.ca,NaN;
DK Pradhan, FJ Meyer�,Communication structures in fault‐tolerant distributed systems, Networks, 1993 , Wiley Online Library,24;
D Srivastava, P Narasimhan�,Architectural support for mode-driven fault tolerance in distributed applications, …�on Architecting dependable systems, 2005 , dl.acm.org,30;
E Dumitrescu, A Girault, H Marchand…�,Optimal discrete controller synthesis for modeling fault-tolerant distributed systems, IFAC Proceedings Volumes, 2007 , Elsevier,NaN;
S Krishna, T Diamond, VSS Nair�,A hierarchical object-oriented approach to fault tolerance in distributed systems, Proceedings of 1993 IEEE�…, 1993 , ieeexplore.ieee.org,6;
M Chtepen, FHA Claeys, B Dhoedt…�,Adaptive task checkpointing and replication: Toward efficient fault-tolerant grids, …�Distributed systems, 2008 , ieeexplore.ieee.org,128;
X Qin, ZF Han, LP Pang�,Real-Time scheduling with fault-tolerance in heterogeneous distributed systems, CHINESE JOURNAL OF COMPUTERS�…, 2002 , cjc.ict.ac.cn,26;
"LE Moser, PM Melliar,Totem: A fault-tolerant multicast group communication system,Smith, DA Agarwal…�,"" Communications of the�…, 1996 "",NaN";
MJ Fischer, LD Zuck�,Reasoning about uncertainty in fault-tolerant distributed systems, …�in Real,,Time and Fault,706;
S Mishra, LL Peterson…�,Consul: A communication substrate for fault-tolerant distributed programs, Distributed Systems�…, 1993 , iopscience.iop.org,34;
H Hamidi, A Vafaei, SA Monadjemi�,[PDF][PDF] Evaluation and checkpointing of fault tolerant mobile agents execution in distributed systems, Journal of Networks, 2010 , Citeseer,NaN;
MF Bridgland, RJ Watro�,[PDF][PDF] Fault-tolerant decision making in totally asynchronous distributed systems, …�ACM Symposium on Principles of distributed�…, 1987 , dl.acm.org,241;
B Balasubramanian, VK Garg�,Fused state machines for fault tolerance in distributed systems, …�On Principles Of Distributed Systems, 2011 , Springer,NaN;
JC Knight, JIA Urquhart�,On the implementation and use of Ada on fault-tolerant distributed systems, IEEE Transactions on Software�…, 1987 , ieeexplore.ieee.org,24;
N Xiong, Y Yang, M Cao, J He…�,A survey on fault-tolerance in distributed network systems, …�on Computational Science�…, 2009 , ieeexplore.ieee.org,29;
S Bansal, S Sharma, I Trivedi�,[PDF][PDF] A Detailed Review of Fault-Tolerance Techniques in Distributed System., …�& Distributed Computing Systems, 2011 , researchgate.net,NaN;
T Becker�,Application-transparent fault tolerance in distributed systems, …�Workshop on Configurable Distributed Systems, 1994 , ieeexplore.ieee.org,30;
P Ramanathan, KG Shin, RW Butler�,Fault-tolerant clock synchronization in distributed systems, Computer, 1990 , ieeexplore.ieee.org,NaN;
DK Pradhan, SM Reddy�,A fault-tolerant communication architecture for distributed systems, IEEE transactions on Computers, 1982 , ieeexplore.ieee.org,30;
GA Agha, R Ziaei�,Security and fault-tolerance in distributed systems: an actor-based approach, …�, and Assurance: From Needs to Solutions�…, ieeexplore.ieee.org,NaN;
A Kumar, RS Yadav, AJ Ranvijay�,[PDF][PDF] Fault tolerance in real time distributed system, International Journal on Computer�…, 2011 , Citeseer,279;
FB Schneider ,Abstractions for Fault Tolerance in Distributed Systems., 1986 ,, apps.dtic.mil,NaN;
S Porcarelli, M Castaldi, FD Giandomenico…�,A framework for reconfiguration-based fault-tolerance in distributed systems, …�Dependable Systems II, 2004 , Springer,270;
D Fisman, O Kupferman, Y Lustig�,On verifying fault tolerance of distributed protocols, …�Construction and Analysis of Systems, 2008 , Springer,10;
K Mohammadi, H Hamidi�,Modeling and evaluation of fault tolerant mobile agents in distributed systems, Second IFIP International�…, 2005 , ieeexplore.ieee.org,33;
DW Lee, KS Chung, HM Lee, S Park, YJ Lee…�,Managing fault tolerance information in multi-agents based distributed systems, …�on Intelligent Data�…, 2003 , Springer,37;
O Marin, P Sens, JP Briot, Z Guessoum�,[PDF][PDF] Towards adaptive fault tolerance for distributed multi-agent systems, Proceedings of ERSADS, 2001 , www,NaN;
X Qin, Z Han, H Jin, LP Pang, SL Li�,[PDF][PDF] Real-time fault-tolerant scheduling in heterogeneous distributed systems, Proceeding of the�…, 2000 , researchgate.net,102;
TA Joseph, KP Birman�,Low cost management of replicated data in fault-tolerant distributed systems, ACM Transactions on Computer Systems �…, 1986 , dl.acm.org,NaN;
"A Paoli�,[PDF][PDF] Fault Detection and Fault Tolerant Control for Distributed Systems,"" A General Framework"""" Ph. D thesis"", 2003 , xdocs.pub,42";
D Anderson�,[PDF][PDF] Providing fault tolerance in distributed system, Proc. of the Comp. Sci. Discipline Seminar Conf.(CSCI�…, 2000 , Citeseer,NaN;
H Kopetz, A Damm, C Koza, M Mulazzani…�,Distributed fault-tolerant real-time systems: The Mars approach, IEEE Micro, 1989 , ieeexplore.ieee.org,162;
V Dialani, S Miles, L Moreau, DD Roure…�,Transparent fault tolerance for web services based architectures, European Conference on�…, 2002 , Springer,NaN;
H Hamidi, A Vafaei�,Evaluation of fault tolerant mobile agents in distributed systems, International Journal of Intelligent Information�…, 2009 , igi,23;
P Jalote ,[BOOK][B] Fault tolerance in distributed systems, 1994 ,, dl.acm.org,899;
G Neiger, S Toueg�,[PDF][PDF] Automatically increasing the fault-tolerance of distributed systems, …�annual ACM Symposium on Principles of distributed�…, 1988 , dl.acm.org,NaN;
A Ledmi, H Bendjenna…�,Fault tolerance in distributed systems: A survey, …�and Intelligent Systems �…, 2018 , ieeexplore.ieee.org,76;
R Guerraoui, A Schiper�,Fault-tolerance by replication in distributed systems, International conference on reliable software�…, 1996 , Springer,NaN;
EN Elnozahy ,[BOOK][B] Manetho: fault tolerance in distributed systems using rollback-recovery and process replication, 1994 ,, search.proquest.com,16;
B Balasubramanian, VK Garg�,Fault tolerance in distributed systems using fused data structures, …�parallel and distributed systems, 2012 , ieeexplore.ieee.org,NaN;
M Raynal�,Communication and agreement abstractions for fault-tolerant asynchronous distributed systems, Synthesis Lectures on Distributed Computing�…, 2010 , morganclaypool.com,187;
A Sari, M Akkaya�,[HTML][HTML] Fault tolerance mechanisms in distributed systems, …�Journal of Communications, Network and System�…, scirp.org,NaN;
S Hariri, A Choudhary, B Sarikaya�,Architectural support for designing fault-tolerant open distributed systems, Computer, 1992 , ieeexplore.ieee.org,80;
F Cristian�,Understanding fault-tolerant distributed systems, Communications of the ACM, 1991 , dl.acm.org,NaN;
W Luo, F Yang, L Pang, X Qin�,Fault-tolerant scheduling based on periodic tasks for heterogeneous systems, International Conference on Autonomic�…, 2006 , Springer,31;
"F Cappello�,""Fault tolerance in petascale/exascale systems: Current knowledge, challenges and research opportunities"", The International Journal of High Performance�…, 2009 , journals.sagepub.com,NaN";
"F Tenzekhti, K Day, M Ould,On fault-tolerant data replication in distributed systems,Khaoua�,,"" Microprocessors and Microsystems, 2002 "",291";
"AV Singh, LE Moser, PM Melliar,Integrating fault tolerance and load balancing in distributed systems based on CORBA,Smith�,,"" European Dependable�…, 2005 "",6";
HY Tzeng, KY Siu�,Message-optimal protocols for fault-tolerant broadcasts/multicasts in distributed systems with crash failures, IEEE transactions on computers, 1995 , ieeexplore.ieee.org,NaN;
E Tourouta�,The methods for ensuring fault-tolerance of distributed control systems, IFAC Proceedings Volumes, 1994 , Elsevier,7;
M Cardei, S Yang, J Wu�,Algorithms for fault-tolerant topology in heterogeneous wireless sensor networks, …�on Parallel and Distributed Systems, 2008 , ieeexplore.ieee.org,8;
M Spichkova, IE Thomas, HW Schmidt…�,Scalable and fault-tolerant cloud computations: Modelling and implementation, …�Distributed Systems�…, 2015 , ieeexplore.ieee.org,8;
A Borg, W Blau, W Graetsch, F Herrmann…�,Fault tolerance under UNIX, …�on Computer Systems �…, 1989 , dl.acm.org,NaN;
P Verissimo, L Rodrigues ,[BOOK][B] Distributed systems for system architects, 2001 ,, books.google.com,115;
"RE Strom, DF Bacon, SA Yemini�,[PDF][PDF] Volatile logging in n-fault-tolerant distributed systems, …�on Fault,,""Tolerant Computing. Digest of�…, 1988 "",NaN";
RM Keichafer, CJ Walter, AM Finn…�,The MAFT architecture for distributed fault tolerance, IEEE Transactions on�…, 1988 , ieeexplore.ieee.org,200;
W Luo, JL Li, FM Yang, G Tu…�,DYFARS: Boosting reliability in fault-tolerant heterogeneous distributed systems through dynamic scheduling, …�and Parallel/Distributed�…, 2007 , ieeexplore.ieee.org,304;
"A Iamnitchi, I Foster�,""A problem-specific fault-tolerance mechanism for asynchronous, distributed systems"", Proceedings 2000 International�…, 2000 , ieeexplore.ieee.org,19";
SM Deen�,A fault-tolerant cooperative distributed system, …�Database and Expert Systems Applications (Cat. No�…, 1998 , ieeexplore.ieee.org,NaN;
JA Bannister, KS Trivedi�,Task allocation in fault-tolerant distributed systems, Acta Informatica, 1983 , Springer,77;
"K Saleh, K Al,Error detection and diagnosis for fault tolerance in distributed systems,Saqabi�,,"" Information and Software Technology, 1998 "",17";
H Loutskii, A Volokyta, P Rehida…�,Increasing the fault tolerance of distributed systems for the Hyper de Bruijn topology with excess code, …�on Advanced Trends�…, 2019 , ieeexplore.ieee.org,NaN;
DB Johnson ,[BOOK][B] Distributed system fault tolerance using message logging and checkpointing, 1990 ,, search.proquest.com,199;
S Liu�,A survey on fault-tolerance in distributed optimization and machine learning, arXiv preprint arXiv:2106.08545, 2021 , arxiv.org,18;
AS Tanenbaum, M van Steen�,[PDF][PDF] Fault tolerance, Distributed systems: principles and�…, 2002 , academia.edu,NaN;
K Birman, T Joseph�,Exploiting virtual synchrony in distributed systems, …�eleventh ACM Symposium on Operating systems�…, 1987 , dl.acm.org,7;
"D Powell�,Distributed fault-tolerance, …�,,""4: A Generic Architecture for Dependable Distributed�…, 1991 "",NaN";
R Kotla, L Alvisi, M Dahlin, A Clement…�,Zyzzyva: Speculative byzantine fault tolerance, …�on Computer Systems �…, 2010 , dl.acm.org,1069;
MA Nasreen, A Ganesh, C Sunitha�,A study on Byzantine fault tolerance methods in distributed networks, Procedia Computer Science, 2016 , Elsevier,6;
K Lei, Q Zhang, L Xu, Z Qi�,Reputation-based byzantine fault-tolerance for consortium blockchain, …�on parallel and distributed systems�…, 2018 , ieeexplore.ieee.org,NaN;
HE Bal ,[BOOK][B] Programming distributed systems, 1990 ,, books.google.com,295;
J Fang, P Chao, R Zhang, X Zhou�,Integrating workload balancing and fault tolerance in distributed stream processing system, World Wide Web, 2019 , Springer,NaN;
"SK Shrivastava, A Waterworth�,""Using objects and actions to provide fault tolerance in distributed, real-time applications"", Computing Laboratory Technical�…, 1991 , eprints.ncl.ac.uk,8";
S Dawson, F Jahanian, T Mitton ,[PDF][PDF] ORCHESTRA: A fault injection environment for distributed systems, 1996 ,, Citeseer,NaN;
N Pregui�a, M Zawirski, A Bieniusa…�,Swiftcloud: Fault-tolerant geo-replication integrated all the way to the client machine, …�Distributed Systems�…, 2014 , ieeexplore.ieee.org,NaN;
"T Tunali, K Erciyes, Z Soysert�,[PDF][PDF] A hierarchical fault-tolerant ring protocol for a distributed real-time system, …�and Distributed Real,,""Time Systems, 2000 "",25";
Z Wang, L Gao, Y Gu, Y Bao, G Yu�,A fault-tolerant framework for asynchronous iterative computations in cloud environments, …�of the Seventh ACM Symposium on�…, 2016 , dl.acm.org,NaN;
G Bosilca, A Bouteiller, F Cappello…�,MPICH-V: Toward a scalable fault tolerant MPI for volatile nodes, SC'02: Proceedings�…, 2002 , ieeexplore.ieee.org,20;
N Li, JC Hou�,Localized fault-tolerant topology control in wireless ad hoc networks, …�on Parallel and Distributed Systems, 2006 , ieeexplore.ieee.org,NaN;
K Ravindran�,Probabilistic fault-tolerance of distributed services: A paradigm for dependable applications, 2011 Sixth International Conference on�…, 2011 , ieeexplore.ieee.org,23;
A Postma�,[PDF][PDF] Classes of Byzantine fault-tolerant algorithms for dependable distributed systems, Universiteit Twente, 1998 , Citeseer,NaN;
G Gaderer, P Loschmidt, T Sauter�,Improving fault tolerance in high-precision clock synchronization, IEEE Transactions on�…, 2010 , ieeexplore.ieee.org,476;
YY Chen, EJ Chang, HK Hsin…�,Path-diversity-aware fault-tolerant routing algorithm for network-on-chip systems, …�Distributed Systems, 2016 , ieeexplore.ieee.org,149;
J Guo, X Liu, C Jiang, J Cao…�,Distributed fault-tolerant topology control in cooperative wireless ad hoc networks, …�and Distributed Systems, 2014 , ieeexplore.ieee.org,5;
E Shokri, H Hecht, P Crane, J Dussault…�,An approach for adaptive fault tolerance in object-oriented open distributed systems, International Journal of�…, 1998 , World Scientific,NaN;
G Sharma, A Yadav�,Fault tolerance in real time distributed system, Review of Computer�…, 2018 , archive.conscientiabeam.com,46;
C Gray, D Cheriton�,Leases: An efficient fault-tolerant mechanism for distributed file cache consistency, ACM SIGOPS Operating Systems Review, 1989 , dl.acm.org,NaN;
Y Deswarte, L Blain, JC Fabre�,[PDF][PDF] Intrusion tolerance in distributed computing systems, …�on Research in Security and Privacy, 1991 , academia.edu,8;
"R Alagappan, A Ganesan, J Liu…�,""{Fault-Tolerance}, Fast and Slow: Exploiting Failure Asynchrony in Distributed Systems"", …�on Operating Systems�…, 2018 , usenix.org,NaN";
"FB Schneider ,""Replication management using the state-machine approach, distributed systems"", 1993 ,, Citeseer,794";
D Manivannan, M Singhal�,An efficient fault-tolerant mutual exclusion algorithm for distributed systems, …�Parallel and Distributed Computing Systems, 1994 , Citeseer,NaN;
B Balasubramanian, VK Garg�,Fault tolerance in distributed systems using fused state machines, Distributed computing, 2014 , Springer,392;
H Hamidi, K Mohammadi�,Modeling fault tolerant and secure mobile agent execution in distributed systems, International Journal of Intelligent�…, 2006 , igi,NaN;
PD Hough, EJ Walsh ,Algorithm-dependent fault tolerance for distributed computing, 2000 ,, osti.gov,13;
"S Beyer, FD Munoz,CORBA replication support for fault-tolerance in a partitionable distributed system,Escoi…�,,"" …�and Expert Systems�…, 2006 "",NaN";
MK Reiter, A Samar, C Wang�,Distributed construction of a fault-tolerant network from a tree, …�on Reliable Distributed Systems�…, 2005 , ieeexplore.ieee.org,8;
S Pleisch, A Schiper�,Modeling fault-tolerant mobile agent execution as a sequence of agreement problems, …�on Reliable Distributed Systems SRDS�…, 2000 , ieeexplore.ieee.org,NaN;
O Das, CM Woodside�,The fault-tolerant layered queueing network model for performability of distributed systems, Proceedings. IEEE International�…, 1998 , ieeexplore.ieee.org,26;
I Jee�,Optimal fault-tolerant resource allocation in dynamic distributed systems, …�. Seventh IEEE Symposium on Parallel and Distributed�…, 1995 , ieeexplore.ieee.org,NaN;
W Steiner, M Paulitsch�,The transition from asynchronous to synchronous system operation: An approach for distributed fault-tolerant systems, …�on Distributed Computing Systems, 2002 , ieeexplore.ieee.org,119;
G Yao, Y Ding, K Hao�,Using imbalance characteristic for fault-tolerant workflow scheduling in cloud systems, …�on Parallel and Distributed Systems, 2017 , ieeexplore.ieee.org,15;
X Hao, L Yu, L Zhiqiang, L Zhen…�,Dynamic practical byzantine fault tolerance, 2018 IEEE conference�…, 2018 , ieeexplore.ieee.org,9;
A Girault, E Rutten�,Modeling fault-tolerant distributed systems for discrete controller synthesis, Electronic Notes in Theoretical Computer Science, 2005 , Elsevier,NaN;
JC Knight, JIA Urquhart�,[PDF][PDF] On the implementation and use of Ada on fault-tolerant distributed systems, ACM SIGAda Ada Letters, 1984 , dl.acm.org,39;
L Lamport�,[PDF][PDF] Using time instead of timeout for fault-tolerant distributed systems., …�on Programming Languages and Systems (TOPLAS), 1984 , dl.acm.org,NaN;
SD Stoller, FB Schneider�,Automated analysis of fault-tolerance in distributed systems, Formal Methods in System Design, 2005 , Springer,475;
M Raynal ,[BOOK][B] Fault-tolerant message-passing distributed systems: an algorithmic approach, 2018 ,, books.google.com,NaN;
S Dawson, F Jahanian, T Mitton…�,Testing of fault-tolerant and real-time distributed systems via protocol fault injection, …�on Fault Tolerant�…, 1996 , ieeexplore.ieee.org,12;
G Neiger, S Toueg�,Automatically increasing the fault-tolerance of distributed algorithms, Journal of Algorithms, 1990 , Elsevier,92;
JC Fabre, T Perennou�,A metaobject architecture for fault-tolerant distributed systems: The FRIENDS approach, IEEE Transactions on Computers, 1998 , ieeexplore.ieee.org,NaN;
B Hardekopf, K Kwiat…�,Secure and fault-tolerant voting in distributed systems, 2001 IEEE Aerospace�…, 2001 , ieeexplore.ieee.org,158;
DK Pradhan ,[BOOK][B] Fault-tolerant computer system design, 1996 ,, dl.acm.org,155;
H HIGAKI, T Soneoka�,Group-to-group communications for fault-tolerance in distributed systems, …�on Information and Systems, 1993 , search.ieice.org,NaN;
DM Blough, GF Sullivan�,A comparison of voting strategies for fault-tolerant distributed systems, …�on Reliable Distributed Systems, 1990 , ieeexplore.ieee.org,236;
EA Brewer�,[PDF][PDF] Towards robust distributed systems, PODC, 2000 , sites.cs.ucsb.edu,NaN;
MK Reiter, KP Birman, R Van Renesse�,A security architecture for fault-tolerant systems, …�on Computer Systems (TOCS), 1994 , dl.acm.org,1794;
MD Baba ,Fault tolerance in distributed real-time computer systems., 1996 ,, ethos.bl.uk,NaN;
R Guerraoui, A Schiper�,Consensus service: a modular approach for building agreement protocols in distributed systems, …�Annual Symposium on Fault Tolerant�…, 1996 , ieeexplore.ieee.org,95;
"U Malladi�,""Notice of Violation of IEEE Publication Principles: Design, analysis and performance evaluation of a new algorithm for developing a fault tolerant distributed system"", …�Conference on Parallel and Distributed Systems�…, 2006 , ieeexplore.ieee.org,3";
DR Cheriton, TP Mann�,Decentralizing a global naming service for improved performance and fault tolerance, ACM Transactions on Computer Systems �…, 1989 , dl.acm.org,NaN;
S Gorender, RJA Macedo…�,An adaptive programming model for fault-tolerant distributed computing, IEEE Transactions on�…, 2007 , ieeexplore.ieee.org,106;
G Di Fatta, F Blasa, S Cafiero, G Fortino�,Fault tolerant decentralised k-means clustering for asynchronous large-scale networks, Journal of Parallel and Distributed�…, 2013 , Elsevier,5;
GF Coulouris, J Dollimore, T Kindberg ,[CITATION][C] Distributed systems: concepts and design, 2005 ,, pearson education,NaN;
R Ekwall, P Urb�n, A Schiper�,Robust TCP connections for fault tolerant computing, …�and Distributed Systems, 2002�…, ieeexplore.ieee.org,163;
CF Reverte, P Narasimhan�,Decentralized Resource Management and Fault-Tolerance for Distributed CORBA Applications., WORDS Fall, 2003 , ieeexplore.ieee.org,NaN;
G Beedubail, A Karmarkar, H Gurijala…�,Fault tolerant objects in distributed systems using hot replication, …�Proceedings of the�…, 1996 , ieeexplore.ieee.org,14;
R Turn, J Habibi�,[PDF][PDF] On the interactions of security and fault-tolerance, Proceedings of the 9th NBS/NCSC National�…, 1986 , apps.dtic.mil,NaN;
B Orlic, JF Broenink�,[PDF][PDF] Real-time and fault tolerance in distributed control software, Communicating Process Architectures 2003, 2003 , Citeseer,14;
D Powell, M Ch�r�que, D Drackley�,[PDF][PDF] Fault-tolerance in Delta-4, ACM SIGOPS Operating Systems�…, 1991 , dl.acm.org,NaN;
TA Varvarigou, J Trotter�,Module replication for fault-tolerant real-time distributed systems, IEEE transactions on reliability, 1998 , ieeexplore.ieee.org,15;
FC G�rtner�,Fundamentals of fault-tolerant distributed computing in asynchronous environments, ACM Computing Surveys (CSUR), 1999 , dl.acm.org,NaN;
S Landis, S Maffeis�,Building reliable distributed systems with CORBA, Theory and Practice of Object Systems, 1997 , Wiley Online Library,15;
N Mittal, VK Garg�,Software fault tolerance of distributed programs using computation slicing, …�on Distributed Computing Systems, 2003�…, ieeexplore.ieee.org,NaN;
Y Ren ,[BOOK][B] AQuA: A framework for providing adaptive fault tolerance to distributed applications, 2001 ,, search.proquest.com,71;
P Fraigniaud, S Rajsbaum, C Travers�,On the number of opinions needed for fault-tolerant run-time monitoring in distributed systems, International Conference on�…, 2014 , Springer,NaN;
Y Wu, D Liu, X Chen, J Ren, R Liu, Y Tan…�,MobileRE: A replicas prioritized hybrid fault tolerance strategy for mobile distributed system, Journal of Systems�…, 2021 , Elsevier,38;
P Townend, J Xu�,[PDF][PDF] Fault tolerance within a grid environment, Timeout, 2003 , Citeseer,3;
FB Schneider�,Implementing fault-tolerant services using the state machine approach: A tutorial, ACM Computing Surveys (CSUR), 1990 , dl.acm.org,NaN;
"C G�mez,Fault-tolerant leader election in mobile dynamic distributed systems,Calzado, A Lafuente…�,"" 2013 IEEE 19th�…, 2013 "",82";
"HR Aschmann, N Giger, E Hoepli, P Janak…�,""Alphorn: A remote procedure call environment for fault-tolerant, heterogeneous, distributed systems"", IEEE Micro, 1991 , ieeexplore.ieee.org,NaN";
M Staroswiecki, AM Amani�,Fault‐tolerant control of distributed systems by information pattern reconfiguration, International Journal of Adaptive�…, 2015 , Wiley Online Library,3242;
RA Bazzi ,[BOOK][B] Automatically increasing fault tolerance in distributed systems, 1994 ,, search.proquest.com,42;
A Costan, C Dobre, F Pop…�,A fault tolerance approach for distributed systems using monitoring based replication, Proceedings of the�…, 2010 , ieeexplore.ieee.org,19;
"M Choy, AK Singh�,Efficient fault tolerant algorithms for resource allocation in distributed systems, Proceedings of the twenty,,""fourth annual ACM�…, 1992 "",28";
P Moln�r, J Starke�,Communication fault tolerance in distributed robotic systems, Distributed Autonomous Robotic Systems 4, 2000 , Springer,36;
P Chevochot, I Puaut�,An approach for fault-tolerance in hard real-time distributed systems, …�on Reliable Distributed Systems, 1999 , ieeexplore.ieee.org,NaN;
R Guerraoui, A Schiper�,Software-based replication for fault tolerance, Computer, 1997 , ieeexplore.ieee.org,23;
OG Loques, J Kramer�,Flexible fault tolerance for distributed computer systems, IEE Proceedings E (Computers and Digital Techniques�…, 1986 , IET,NaN;
"K Echtle, M Leu�,Test of fault tolerant distributed systems by fault injection, …�,,""Tolerant Parallel and Distributed Systems, 1996 "",592";
J Aidemark, P Folkesson…�,A framework for node-level fault tolerance in distributed real-time systems, …�on Dependable Systems�…, 2005 , ieeexplore.ieee.org,26;
"JM Ayache, JP Courtiat, M Diaz�,""REBUS, a fault-tolerant distributed system for industrial real-time control"", IEEE Transactions on�…, 1982 , ieeexplore.ieee.org,31";
"KA Marzullo ,""Maintaining the time in a distributed system: an example of a loosely-coupled distributed service (synchronization, fault-tolerance, debugging)"", 1984 ,, search.proquest.com,NaN";
L Pike, J Maddalon, P Miner, A Geser�,Abstractions for fault-tolerant distributed system verification, International Conference on�…, 2004 , Springer,35;
R Dimitrova, B Finkbeiner�,Synthesis of fault-tolerant distributed systems, …�on Automated Technology for Verification and�…, 2009 , Springer,67;
C K�hnel, M Spichkova�,Fault-tolerant communication for distributed embedded systems, …�Engineering of Fault Tolerant Systems, 2007 , World Scientific,20;
K Saleh, A Agarwal�,Efficient and fault-tolerant checkpointing procedures for distributed systems, …�of Phoenix Conference on Computers and�…, 1993 , ieeexplore.ieee.org,6;
W Zhu, J Cao, Y Xu, L Yang…�,Fault-tolerant RFID reader localization based on passive RFID tags, …�and Distributed Systems, 2013 , ieeexplore.ieee.org,85;
PT Gaughan, S Yalamanchili�,A family of fault-tolerant routing protocols for direct multiprocessor networks, …�and Distributed Systems, 1995 , ieeexplore.ieee.org,229;
Y Shang, Y Jin, B Wu�,Fault-tolerant mechanism of the distributed cluster computers, Tsinghua Science and Technology, 2007 , ieeexplore.ieee.org,NaN;
A Haeberlen, P Kouznetsov, P Druschel�,PeerReview: Practical accountability for distributed systems, …�SIGOPS operating systems�…, 2007 , dl.acm.org,12;
L Yuan, JS Dong, J Sun, HA Basit�,Generic fault tolerant software architecture reasoning and customization, IEEE transactions on�…, 2006 , ieeexplore.ieee.org,NaN;
T Akidau, A Balikov, K Bekiroğlu, S Chernyak…�,Millwheel: Fault-tolerant stream processing at internet scale, Proceedings of the�…, 2013 , dl.acm.org,515;
M Zbierski�,Parallel byzantine fault tolerance, Soft Computing in Computer and Information Science, 2015 , Springer,NaN;
R Wagle, H Andrade, K Hildrum…�,Distributed middleware reliability and fault tolerance support in system S, …�on Distributed event�…, 2011 , dl.acm.org,25;
G Manimaran, CSR Murthy�,A fault-tolerant dynamic scheduling algorithm for multiprocessor real-time systems and its analysis, …�Parallel and Distributed Systems, 1998 , ieeexplore.ieee.org,NaN;
N Gupta, NH Vaidya�,Fault-tolerance in distributed optimization: The case of redundancy, …�of the 39th Symposium on Principles of Distributed�…, 2020 , dl.acm.org,249;
S Bansal, S Sharma�,[PDF][PDF] Identification of Critical Factors in Checkpointing Based Multiple Fault Tolerance for Distributed System, Journal of Emerging Trends in Computing and�…, 2010 , Citeseer,NaN;
M K�hnrich, U Nestmann�,On Process-Algebraic Proof Methods for Fault Tolerant Distributed Systems, Formal Techniques for Distributed Systems, 2009 , Springer,24;
I Petri�,[PDF][PDF] Quorums Systems as a Method to Enhance Collaboration for Achieving Fault Tolerance in Distributed Systems, Informatica Economica, 2009 , academia.edu,NaN;
"B Charron,Broadcasting messages in fault-tolerant distributed systems: the benefit of handling input-triggered and output-triggered suspicions differently,Bost, X D�fago…�,"" …�Distributed Systems, 2002�…, 2002 "",7";
"B Charron,Time vs. space in fault-tolerant distributed systems,Bost, X D�fago…�,"" …�Dependable Systems, 2001 "",NaN";
H Kopetz, G Gr�nsteidl, J Reisinger�,Fault-tolerant membership service in a synchronous distributed real-time system, Dependable Computing for Critical�…, 1991 , Springer,11;
"M Blanke, M Kinnaert, J Lunze…�,Distributed fault diagnosis and fault-tolerant control, …�and Fault,,""Tolerant Control, 2016 "",NaN";
ZT Kalbarczyk, RK Iyer, S Bagchi…�,Chameleon: A software infrastructure for adaptive fault tolerance, …�Distributed Systems, 1999 , ieeexplore.ieee.org,2;
W Luo, X Qin, XC Tan, K Qin…�,Exploiting redundancies to enhance schedulability in fault-tolerant and real-time distributed systems, …�on Systems, Man, ieeexplore.ieee.org,NaN;
DR Avresky, DR Kaeli ,[BOOK][B] Fault-tolerant parallel and distributed systems, 2012 ,, books.google.com,40;
J Nikolić, N Jubatyrov…�,Self-healing dilemmas in distributed systems: Fault correction vs. Fault tolerance, IEEE Transactions on�…, 2021 , ieeexplore.ieee.org,19;
Y Zhang, R Dick, K Chakrabarty�,Energy-aware deterministic fault tolerance in distributed real-time embedded systems, …�of the 41st annual Design Automation�…, 2004 , dl.acm.org,NaN;
MA Hiltunen, RD Schlichting�,[PDF][PDF] Adaptive distributed and fault-tolerant systems, …�Systems Science and Engineering, 1996 , researchgate.net,4;
Y Kim ,[BOOK][B] Fault-tolerant matrix operations for parallel and distributed systems, 1996 ,, search.proquest.com,NaN;
J Coenen, J Hooman�,[PDF][PDF] A formal approach to fault-tolerance in distributed real-time systems, Proceedings of the 4th workshop on ACM�…, 1990 , dl.acm.org,40;
"K Saleh, I Ahmad, K Al,An efficient recovery procedure for fault tolerance in distributed systems,Saqabi, A Agarwal�,"" Journal of Systems and�…, 1994 "",NaN";
L Mancini, SK Shrivastava�,Fault-tolerant reference counting for garbage collection in distributed systems, The Computer Journal, 1991 , academic.oup.com,86;
ST Levi, AK Agrawala ,[BOOK][B] Fault tolerant system design, 1993 ,, dl.acm.org,NaN;
A Sengupta, A Sen…�,Fault-tolerant distributed system design, …�on circuits and systems, 1988 , ieeexplore.ieee.org,21;
A Schiper, M Raynal�,[PDF][PDF] From group communication to transactions in distributed systems, Communications of the ACM, 1996 , dl.acm.org,NaN;
MG Merideth, A Iyengar, T Mikalsen…�,Thema: Byzantine-fault-tolerant middleware for web-service applications, …�Distributed Systems�…, 2005 , ieeexplore.ieee.org,154;
W Luo, FM Yang, LP Pang, G Tu�,A real-time fault-tolerant scheduling algorithm of periodic tasks in heterogeneous distributed systems, CHINESE JOURNAL OF�…, 2007 , cjc.ict.ac.cn,NaN;
B Weiss, G Gridling, U Schmid…�,The SimUTC fault-tolerant distributed systems simulation toolkit, …�Systems, 1999 , ieeexplore.ieee.org,158;
"E Schmitter�,Fault tolerance in distributed systems, Siemens Forsch.,,""Entwicklungsber.";"(Germany, Federal�…, 1983 "",20"
M Nastase, C Dobre, F Pop…�,Fault tolerance using a front-end service for large scale distributed systems, 2009 11th International�…, 2009 , ieeexplore.ieee.org,NaN;
Y Amir, B Coan, J Kirsch, J Lane�,Customizable fault tolerance forwide-area replication, …�Reliable Distributed Systems�…, 2007 , ieeexplore.ieee.org,22;
M Barborak, A Dahbura, M Malek�,The consensus problem in fault-tolerant computing, ACM Computing Surveys (CSur), 1993 , dl.acm.org,2;
S Maffeis�,[PS][PS] Adding Group Communication and Fault-Tolerance to CORBA., Coots, 1995 , usenix.org,NaN;
J Hellings, M Sadoghi�,Brief announcement: The fault-tolerant cluster-sending problem, …�International Symposium on Distributed�…, 2019 , drops.dagstuhl.de,NaN;
Y Brun, N Medvidovic�,Fault and adversary tolerance as an emergent property of distributed systems' software architectures, …�workshop on Engineering fault tolerant systems, 2007 , dl.acm.org,15;
S Kumar, PR Cohen�,[PDF][PDF] Towards a fault-tolerant multi-agent system architecture, Proceedings of the fourth international conference�…, 2000 , dl.acm.org,NaN;
YB Shieh, D Ghosal, PR Chintamaneni…�,Modeling of hierarchical distributed systems with fault-tolerance, IEEE transactions on�…, 1990 , ieeexplore.ieee.org,40;
A Edelmayer, M Miranda�,Federated filtering for fault tolerant estimation and sensor redundancy management in coupled dynamics distributed systems, 2007 Mediterranean Conference on�…, 2007 , ieeexplore.ieee.org,NaN;
K Mohammadi, H Hamidi�,Evaluation of fault-tolerant mobile agents in distributed systems, 2005 1st IEEE and IFIP International�…, 2005 , ieeexplore.ieee.org,158;
"GA Alvarez, F Cristian�,""Centralized failure injection for distributed, fault-tolerant protocol testing"", …�on Distributed Computing Systems, 1997 , ieeexplore.ieee.org,NaN";
NA Speirs, S Tao, FV Brasileiro…�,The design and implementation of voltan fault-tolerant nodes for distributed systems, …�of Computing Science�…, 1993 , eprints.ncl.ac.uk,14;
D Powell�,Distributed fault tolerance: Lessons from delta-4, Ieee micro, 1994 , ieeexplore.ieee.org,NaN;
D Agrawal, A El Abbadi�,An efficient and fault-tolerant solution for distributed mutual exclusion, ACM Transactions on Computer Systems �…, 1991 , dl.acm.org,23;
DE Bakken, RD Schlichting�,Supporting fault-tolerant parallel programming in Linda, …�parallel and distributed systems, 1995 , ieeexplore.ieee.org,NaN;
"B Charron,Agreement problems in fault-tolerant distributed systems,Bost�,,"" International Conference on Current Trends in Theory�…, 2001 "",214";
R Guerraoui, A Schiper�,Consensus: the big misunderstanding [distributed fault tolerant systems], …�of Distributed Computing Systems, 1997 , ieeexplore.ieee.org,NaN;
A Mushtaq ,Fault Tolerance in Distributed Systems, 2022 ,, escholarship.org,20;
H Vogler, T Kunkelmann, ML Moschgath�,[PDF][PDF] An Approach for Mobile Agent Security and Fault Tolerance using Distributed Transactions., icpads, 1997 , vs.inf.ethz.ch,NaN;
J Wu ,[BOOK][B] Distributed system design, 2017 ,, taylorfrancis.com,102;
L Zhang, Q Li�,Research on consensus efficiency based on practical byzantine fault tolerance, …�on Modelling, Identification and Control (ICMIC�…, ieeexplore.ieee.org,NaN;
B Hamid, M Mosbah�,A formal model for fault-tolerance in distributed systems, …�Conference on Computer Safety, Reliability, Springer,NaN;
"PM Melliar,Fault-tolerant distributed systems based on broadcast communication,Smith, LE Moser�,"" …�on Distributed Computing Systems, 1989 "",NaN";
S Klinkhieo, RJ Patton�,A two-level approach to fault-tolerant control of distributed systems based on the sliding mode, IFAC Proceedings Volumes, 2009 , Elsevier,80;
GS Veronese, M Correia, AN Bessani…�,Spin one's wheels? Byzantine fault tolerance with a spinning primary, …�Distributed Systems, 2009 , ieeexplore.ieee.org,NaN;
"J Bartlett, J Gray, B Horst�,Fault tolerance in tandem computer systems, The Evolution of Fault,,""Tolerant Computing, 1987 "",198";
M Van Steen, A Tanenbaum�,[PDF][PDF] Distributed systems principles and paradigms, Network, 2002 , u.cs.biu.ac.il,NaN;
C Dragoi, TA Henzinger, D Zufferey ,The need for language support for fault-tolerant distributed systems, 2015 ,, research,172;
YB Shieh, D Ghosal, PR Chintamaneni…�,Application of petri net models for the evaluation of fault-tolerant techniques in distributed systems, …�on Distributed�…, 1989 , computer.org,NaN;
Z Chen, J Dongarra�,Algorithm-based fault tolerance for fail-stop failures, …�on Parallel and Distributed Systems, 2008 , ieeexplore.ieee.org,5305;
S Ghosh, R Melhem, D Mosse�,Fault-tolerance through scheduling of aperiodic tasks in hard real-time multiprocessor systems, …�and distributed systems, 1997 , ieeexplore.ieee.org,NaN;
J Goldberg, I Greenberg…�,Adaptive fault tolerance, …�and Distributed Systems, 1993 , ieeexplore.ieee.org,9;
T Wolf�,Fault tolerance in distributed Ada 95, Proceedings of the eighth international workshop on�…, 1997 , dl.acm.org,12;
U Fritzke, P Ingels, A Most�faoui…�,Fault-tolerant total order multicast to asynchronous groups, …�Distributed Systems �…, 1998 , ieeexplore.ieee.org,NaN;
"HA Rosenberg, KG Shin�,Software fault injection and its application in distributed systems, …�Symposium on Fault,,""Tolerant�…, 1993 "",NaN";
S Rangarajan, S Setia…�,A fault-tolerant algorithm for replicated data management, …�and distributed systems, 1995 , ieeexplore.ieee.org,65;
AA Bertossi, LV Mancini…�,Fault-tolerant rate-monotonic first-fit scheduling in hard-real-time systems, …�and Distributed Systems, 1999 , ieeexplore.ieee.org,92;
M Stumm, S Zhou�,Fault tolerant distributed shared memory algorithms, …�Symposium on Parallel and Distributed�…, 1990 , ieeexplore.ieee.org,NaN;
FA Botelho, FMV Ramos, D Kreutz…�,On the feasibility of a consistent and fault-tolerant data store for SDNs, …�workshop on software�…, 2013 , ieeexplore.ieee.org,144;
K Rajkumar, P Swaminathan�,Fault tolerance in distributed systems using fused data structures with the help of LT codes, International Journal of�…, 2016 , inderscienceonline.com,87;
RV White�,Fault tolerance in distributed power systems, IV IEEE International Power Electronics Congress�…, 1995 , ieeexplore.ieee.org,NaN;
C Dobre, F Pop, V Cristea�,A fault-tolerant approach to storing objects in distributed systems, …�on P2P, Parallel, ieeexplore.ieee.org,80;
MM de Azevedo, DM Blough�,Fault-tolerant clock synchronization for distributed systems with high message delay variation, …�Parallel and Distributed Systems, 1996 , ieeexplore.ieee.org,3;
DA Rennels�,Distributed fault-tolerant computer systems, Computer, 1980 , computer.org,18;
AR Reibman ,[BOOK][B] Performance and fault-tolerance of distributed detection networks, 1987 ,, search.proquest.com,23;
SMA Ataallah, SM Nassar…�,Fault tolerance in cloud computing-survey, 2015 11th International�…, 2015 , ieeexplore.ieee.org,NaN;
E Jim�nez, S Ar�valo, J Tang�,Fault-tolerant broadcast in anonymous systems, The Journal of Supercomputing, 2015 , Springer,32;
ZM Wojcik, BE Wojcik�,Rough grammar for efficient and fault-tolerant computing on a distributed system, IEEE transactions on software�…, 1991 , search.proquest.com,NaN;
P Katsaros, C Lazos�,Optimal object state transfer-recovery policies for fault tolerant distributed systems, …�Conference on Dependable Systems�…, 2004 , ieeexplore.ieee.org,10;
PR Chintamaneni, P Jalote, YB Shieh, SK Tripathi ,On fault tolerance in manufacturing systems., 1987 ,, apps.dtic.mil,9;
K Zhao, S Di, S Li, X Liang, Y Zhai…�,FT-CNN: Algorithm-based fault tolerance for convolutional neural networks, …�Distributed Systems, 2020 , ieeexplore.ieee.org,NaN;
"A Ganesan, R Alagappan, AC Arpaci,Redundancy does not imply fault tolerance: Analysis of distributed storage reactions to single errors and corruptions,Dusseau…�,,"" …�USENIX Conference on�…, 2017 "",14";
I Lee, D Tang, RK Iyer…�,Measurement-based evaluation of operating system fault tolerance, IEEE Transactions on�…, 1993 , ieeexplore.ieee.org,NaN;
W Zhao�,Optimistic byzantine fault tolerance, …�Journal of Parallel, Emergent and Distributed Systems, Taylor & Francis,36;
J Smith, P Watson�,Fault-tolerance in distributed query processing, 9th International Database Engineering &�…, 2005 , ieeexplore.ieee.org,NaN;
"B Charron,The heard-of model: computing in distributed systems with benign faults,Bost, A Schiper�,"" Distributed Computing, 2009 "",42";
M Ahuja, S Mishra�,Units of computation in fault-tolerant distributed systems, Journal of Parallel and Distributed Computing, 1997 , Elsevier,NaN;
"D Dolev�,A simple model for agreement in distributed systems, Fault,,""Tolerant Distributed Computing, 1990 "",283";
"SH Hosseini�,""On fault-tolerant structure, distributed fault-diagnosis, reconfiguration, and recovery of the array processors"", IEEE transactions on computers, 1989 , ieeexplore.ieee.org,13";
"WL Kao, RK Iyer�,DEFINE: A distributed fault injection and monitoring environment, …�fault,,""tolerant parallel and distributed systems, 1996 "",24";
"M Polycarpou�,Intelligent monitoring and fault tolerance in large-scale distributed systems, …�on Control and Fault,,""Tolerant Systems (SysTol), 2010 "",42";
GA Alvarez, F Cristian�,Applying simulation to the design and performance evaluation of fault-tolerant systems, …�on Reliable Distributed Systems, 1997 , ieeexplore.ieee.org,92;
F Cristian�,Basic concepts and issues in fault-tolerant distributed systems, Operating Systems of the 90s and Beyond, 1991 , Springer,7;
J Armstrong ,Making reliable distributed systems in the presence of software errors, 2003 ,, diva,30;
